{
  "dataset_root": "/home/chrig/prod_combined_profile_run",
  "split": "val",
  "checkpoint": "ai-pipeline/training/runs/prod_combined_warmup/best_drum_classifier.pth",
  "num_samples": 315280,
  "accuracy": 0.6488930474498859,
  "top1_accuracy": 0.6488930474498859,
  "class_coverage": {
    "snare": 87800,
    "cross_stick": 7591,
    "tom_low": 11847,
    "china": 9756,
    "hihat_pedal": 32682,
    "kick": 66145,
    "ride_bow": 28984,
    "hihat_closed": 39145,
    "ride_bell": 6599,
    "splash": 1874,
    "hihat_open": 3676,
    "hihat_foot_splash": 5763,
    "crash": 1277,
    "tom_high": 9136,
    "aux_percussion": 1045,
    "tom_mid": 996,
    "rimshot": 964
  },
  "confusion_matrix": [
    [
      49430,
      1816,
      1453,
      72,
      10,
      617,
      6087,
      962,
      0,
      0,
      4311,
      0,
      292,
      444,
      275,
      0,
      376
    ],
    [
      3035,
      18546,
      1577,
      150,
      7,
      207,
      4538,
      128,
      0,
      0,
      551,
      0,
      12,
      41,
      157,
      0,
      35
    ],
    [
      3373,
      1866,
      15286,
      175,
      7,
      52,
      9217,
      585,
      0,
      0,
      1189,
      0,
      79,
      308,
      397,
      0,
      148
    ],
    [
      891,
      515,
      488,
      3167,
      1,
      61,
      1552,
      90,
      0,
      0,
      689,
      0,
      6,
      32,
      69,
      0,
      30
    ],
    [
      840,
      177,
      216,
      14,
      213,
      190,
      705,
      14,
      0,
      0,
      914,
      0,
      25,
      15,
      37,
      0,
      316
    ],
    [
      1667,
      573,
      542,
      72,
      22,
      2612,
      2240,
      98,
      0,
      0,
      1607,
      0,
      113,
      59,
      31,
      0,
      120
    ],
    [
      5126,
      1652,
      3010,
      68,
      5,
      444,
      74522,
      460,
      0,
      0,
      2140,
      0,
      28,
      94,
      132,
      0,
      119
    ],
    [
      1947,
      164,
      653,
      23,
      0,
      35,
      1648,
      6273,
      0,
      0,
      277,
      0,
      2,
      11,
      809,
      0,
      5
    ],
    [
      650,
      116,
      46,
      0,
      7,
      36,
      214,
      2,
      0,
      0,
      170,
      0,
      22,
      4,
      3,
      0,
      7
    ],
    [
      105,
      12,
      86,
      1,
      0,
      5,
      157,
      410,
      0,
      0,
      52,
      0,
      0,
      1,
      166,
      0,
      1
    ],
    [
      5938,
      793,
      607,
      416,
      21,
      354,
      5375,
      168,
      0,
      0,
      25288,
      0,
      7,
      45,
      94,
      0,
      39
    ],
    [
      215,
      8,
      58,
      2,
      0,
      9,
      418,
      14,
      0,
      0,
      235,
      0,
      0,
      1,
      4,
      0,
      0
    ],
    [
      923,
      29,
      74,
      4,
      14,
      56,
      344,
      0,
      0,
      0,
      40,
      0,
      339,
      12,
      0,
      0,
      39
    ],
    [
      1293,
      683,
      703,
      26,
      22,
      191,
      1408,
      45,
      0,
      0,
      254,
      0,
      146,
      1778,
      33,
      0,
      17
    ],
    [
      761,
      263,
      536,
      31,
      1,
      47,
      984,
      1002,
      0,
      0,
      343,
      0,
      2,
      10,
      5156,
      0,
      0
    ],
    [
      179,
      42,
      114,
      1,
      3,
      8,
      182,
      408,
      0,
      0,
      74,
      0,
      3,
      16,
      15,
      0,
      0
    ],
    [
      1228,
      77,
      530,
      35,
      50,
      26,
      1506,
      21,
      0,
      0,
      283,
      0,
      21,
      12,
      1,
      0,
      1973
    ]
  ],
  "classification_report": {
    "kick": {
      "precision": 0.6369763276246441,
      "recall": 0.7472976037493386,
      "f1-score": 0.6877408762678614,
      "support": 66145.0
    },
    "ride_bow": {
      "precision": 0.6785452948924338,
      "recall": 0.6398702732542092,
      "f1-score": 0.6586405284466226,
      "support": 28984.0
    },
    "hihat_pedal": {
      "precision": 0.5883983217213904,
      "recall": 0.46771923382901903,
      "f1-score": 0.52116397606587,
      "support": 32682.0
    },
    "cross_stick": {
      "precision": 0.7439511392999765,
      "recall": 0.41720458437623503,
      "f1-score": 0.5346049966239028,
      "support": 7591.0
    },
    "hihat_open": {
      "precision": 0.556135770234987,
      "recall": 0.05794341675734494,
      "f1-score": 0.1049519586104952,
      "support": 3676.0
    },
    "china": {
      "precision": 0.5276767676767676,
      "recall": 0.26773267732677325,
      "f1-score": 0.35522915816673467,
      "support": 9756.0
    },
    "snare": {
      "precision": 0.6707831894650621,
      "recall": 0.8487699316628702,
      "f1-score": 0.7493526800303675,
      "support": 87800.0
    },
    "tom_low": {
      "precision": 0.5873595505617978,
      "recall": 0.5295011395289947,
      "f1-score": 0.556931681981622,
      "support": 11847.0
    },
    "crash": {
      "precision": 0.0,
      "recall": 0.0,
      "f1-score": 0.0,
      "support": 1277.0
    },
    "tom_mid": {
      "precision": 0.0,
      "recall": 0.0,
      "f1-score": 0.0,
      "support": 996.0
    },
    "hihat_closed": {
      "precision": 0.6582502537938933,
      "recall": 0.6460084301954273,
      "f1-score": 0.6520718908743972,
      "support": 39145.0
    },
    "rimshot": {
      "precision": 0.0,
      "recall": 0.0,
      "f1-score": 0.0,
      "support": 964.0
    },
    "splash": {
      "precision": 0.309024612579763,
      "recall": 0.1808964781216649,
      "f1-score": 0.2282059912487378,
      "support": 1874.0
    },
    "ride_bell": {
      "precision": 0.616718695802983,
      "recall": 0.269434762842855,
      "f1-score": 0.3750263657456233,
      "support": 6599.0
    },
    "tom_high": {
      "precision": 0.6987396666214934,
      "recall": 0.5643607705779334,
      "f1-score": 0.6244020587344838,
      "support": 9136.0
    },
    "aux_percussion": {
      "precision": 0.0,
      "recall": 0.0,
      "f1-score": 0.0,
      "support": 1045.0
    },
    "hihat_foot_splash": {
      "precision": 0.6117829457364341,
      "recall": 0.34235641159118513,
      "f1-score": 0.43902981753449044,
      "support": 5763.0
    },
    "accuracy": 0.6488930474498859,
    "macro avg": {
      "precision": 0.4637848550595074,
      "recall": 0.3517115125772853,
      "f1-score": 0.38160894001948287,
      "support": 315280.0
    },
    "weighted avg": {
      "precision": 0.6345094551733974,
      "recall": 0.6488930474498859,
      "f1-score": 0.6298419061561281,
      "support": 315280.0
    }
  },
  "per_class_accuracy": {
    "kick": 0.7472976037493386,
    "ride_bow": 0.6398702732542092,
    "hihat_pedal": 0.46771923382901903,
    "cross_stick": 0.41720458437623503,
    "hihat_open": 0.05794341675734494,
    "china": 0.26773267732677325,
    "snare": 0.8487699316628702,
    "tom_low": 0.5295011395289947,
    "crash": 0.0,
    "tom_mid": 0.0,
    "hihat_closed": 0.6460084301954273,
    "rimshot": 0.0,
    "splash": 0.1808964781216649,
    "ride_bell": 0.269434762842855,
    "tom_high": 0.5643607705779334,
    "aux_percussion": 0.0,
    "hihat_foot_splash": 0.34235641159118513
  }
}